year,result_position,team,representative,rep_title,record_w,record_l,odds_pct,chances,seed_delta,pre_lottery_seed,player_picked
1989,1,Sacramento,Gregg Lukenbill,Owner,27,55,11.1,1,5,6,Pervis Ellison
1989,2,L.A. Clippers,Elgin Baylor,General Manager,21,61,11.1,1,1,3,Danny Ferry
1989,3,San Antonio,Bob Bass,General Manager,21,61,11.1,1,1,4,Sean Elliott
1989,4,Miami,Ron Rothstein,Head Coach,15,67,11.1,1,-3,1,Glen Rice
1989,5,Charlotte,Carl Scheer,General Manager,20,62,11.1,1,-3,2,J.R. Reid
1989,6,Chicago,Jerry Krause,General Manager,47,35,11.1,1,-1,5,Stacey King
1989,7,Indiana,Donnie Walsh,General Manager,28,54,11.1,1,0,7,George McCloud
1989,8,Dallas,Norm Sonju,General Manager,38,44,11.1,1,0,8,Randy White
1989,9,Washington,Susan O'Malley,Executive Vice President,40,42,11.1,1,0,9,Tom Hammonds
1990,1,New Jersey,Willis Reed,SR. VP of Basketball Operation,17,65,16.7,11,0,1,Derrick Coleman
1990,2,Seattle,Bob Whitsitt,President,41,41,3.0,2,8,10,Gary Payton
1990,3,Miami,Pauline Winick,Vice President,18,64,15.2,10,-1,2,Chris Jackson
1990,4,Orlando,Pat Williams,President,18,64,13.6,9,-1,3,Dennis Scott
1990,5,Charlotte,Gene Littles,Head Coach,19,63,12.1,8,-1,4,Kendall Gill
1990,6,Minnesota,Bob Stein,President,22,60,10.6,7,-1,5,Felton Spencer
1990,7,Sacramento,Joe Benvenuti,Majority Owner,23,59,9.1,6,-1,6,Lionel Simmons
1990,8,L.A. Clippers,Elgin Baylor,General Manager,30,52,7.6,5,-1,7,Bo Kimble
1990,9,Dallas,Norm Sonju,General Manager,31,51,6.1,4,-1,8,Willie Burton
1990,10,Golden State,Mike Schuler,Assistant Coach,37,45,4.6,3,-1,9,Rumeal Robinson
1990,11,Atlanta,Pete Babcock,General Manager,41,41,1.5,1,0,11,Tyrone Hill
1991,1,Charlotte,Allan Bristow,VP of Basketball Operations,26,56,10.6,7,4,5,Larry Johnson
1991,2,New Jersey,Willis Reed,SR. VP of Basketball Operations,26,56,12.1,8,2,4,Kenny Anderson
1991,3,Sacramento,Joe Benvenuti,Owner,25,57,13.6,9,0,3,Billy Owens
1991,4,Denver,Bernie Bickerstaff,General Manager,20,62,16.7,11,-3,1,Dikembe Mutombo
1991,5,Miami,Pauline Winick,Executive VP,24,58,15.2,10,-3,2,Steve Smith
1991,6,Dallas,Rick Sund,VP/Director of Player Personnel,28,54,9.1,6,0,6,Doug Smith
1991,7,Minnesota,Bob Stein,President,29,53,7.6,5,0,7,Luc Longley
1991,8,Washington,John Nash,General Manager,30,52,6.1,4,0,8,Mark Macon
1991,9,L.A. Clippers,Mike Schuler,Head Coach,31,51,4.6,3,0,9,Stacey Augmon
1991,10,Orlando,Pat Williams,President/GM,31,51,3.0,2,0,10,Brian Williams
1991,11,Cleveland,Wayne Embry,General Manager,33,49,1.5,1,0,11,Terrell Brandon
1992,1,Orlando,Pat Williams,President/GM,21,61,15.2,10,1,2,Shaquille O'Neal
1992,2,Charlotte,Allan Bristow,Head Coach,31,51,6.1,4,6,8,Alonzo Mourning
1992,3,Minnesota,Bob Stein,President,15,67,16.7,11,-2,1,Christian Laettner
1992,4,Dallas,Don Carter,Majority Owner,22,60,13.6,9,-1,3,Jim Jackson
1992,5,Denver,Bernie Bickerstaff,General Manager,24,58,12.1,8,-1,4,LaPhonso Ellis
1992,6,Washington,John Nash,General Manager,25,57,10.6,7,-1,5,Tom Gugliotta
1992,7,Sacramento,Jerry Reynolds,Director of Player Personnel,29,53,9.1,6,-1,6,Walt Williams
1992,8,Milwaukee,Mike Dunleavy,Head Coach,31,51,7.6,5,-1,7,Todd Day
1992,9,Philadelphia,Gene Shue,General Manager,35,47,4.5,3,0,9,Clarence Weatherspoon
1992,10,Atlanta,Pete Babcock,General Manager,38,44,3.0,2,0,10,Adam Keefe
1992,11,Orlando,Pat Williams,President/GM,42,40,1.5,1,0,11,Robert Horry
1993,1,Orlando,Pat Williams,President/GM,41,41,1.5,1,10,11,Chris Webber
1993,2,Philadelphia,Jim Lynam,General Manager,26,56,10.6,7,3,5,Shawn Bradley
1993,3,Golden State,Don Nelson,Head Coach/GM,34,48,7.6,5,4,7,Penny Hardaway
1993,4,Dallas,Norm Sonju,General Manager,11,71,16.7,11,-3,1,Jamal Mashburn
1993,5,Minnesota,Harvey Ratner,Co-Owner,19,63,15.2,10,-3,2,J.R. Rider
1993,6,Washington,Abe Pollin,Owner,22,60,13.6,9,-3,3,Calbert Cheaney
1993,7,Sacramento,Jerry Reynolds,General Manager,25,57,12.1,8,-3,4,Bobby Hurley
1993,8,Milwaukee,Lee Rose,VP of Player Personnel,28,54,9.1,6,-2,6,Vin Baker
1993,9,Denver,Bernie Bickerstaff,General Manager,36,46,6.1,4,-1,8,Rodney Rogers
1993,10,Miami,Pauline Winick,Executive VP,36,46,4.5,3,-1,9,Lindsey Hunter
1993,11,Detroit,Billy McKinney,Director of Player Personnel,40,42,3.0,2,-1,10,Allan Houston
1994,1,Milwaukee,Mike Dunleavy,Head Coach,20,62,16.3,163,3,4,Glenn Robinson
1994,2,Dallas,Ronnie Carter,Son of Owner/Advisor,13,69,25.0,250,-1,1,Jason Kidd
1994,3,Detroit,Billy McKinney,Director of Player Personnel,20,62,16.4,164,-1,2,Grant Hill
1994,4,Minnesota,Bob Stein,President,20,62,16.4,164,-1,3,Donyell Marshall
1994,5,Washington,Tom Gugliotta,NBA Player,24,58,9.4,94,0,5,Juwan Howard
1994,6,Philadelphia,Gene Shue,Director of Player Personnel,25,57,6.6,66,0,6,Sharone Wright
1994,7,L.A. Clippers,Elgin Baylor,General Manager,27,55,4.4,44,0,7,Lamond Murray
1994,8,Sacramento,Rick Gilchrist,Ownership Group,28,54,2.7,27,0,8,Brian Grant
1994,9,Boston,Larry Bird,Special Assistant,32,50,1.5,15,0,9,Eric Montross
1994,10,L.A. Lakers,Frank Mariani,VP of Marketing,33,49,0.8,8,0,10,Eddie Jones
1994,11,Seattle,Barry Ackerley,Owner,41,41,0.5,5,0,11,Carlos Rogers
1995,1,Golden State,Dave Twardzik,General Manager,26,56,9.4,94,4,5,Joe Smith
1995,2,L.A. Clippers,Bill Fitch,Head Coach,17,65,25.0,250,-1,1,Antonio McDyess
1995,3,Philadelphia,John Lucas,General Manager,24,58,12.6,126,1,4,Jerry Stackhouse
1995,4,Washington,Chris Webber,NBA Player,21,61,18.3,183,-2,2,Rasheed Wallace
1995,5,Minnesota,Flip Saunders,Director of Player Personnel,21,61,18.2,182,-2,3,Kevin Garnett
1995,6,Vancouver,N/A,N/A,0,0,0.0,0,0,6,Bryant Reeves
1995,7,Toronto,N/A,N/A,0,0,0.0,0,0,7,Damon Stoudamire
1995,8,Detroit,Doug Collins,Head Coach,28,54,6.6,66,0,8,Shawn Respert
1995,9,New Jersey,Willis Reed,SR VP of Basketball Operations/GM,30,52,4.4,44,0,9,Ed O'Bannon
1995,10,Miami,Dave Wohl,Executive VP of Basketball Operations,32,50,2.7,27,0,10,Kurt Thomas
1995,11,Milwaukee,Mike Dunleavy,Head Coach/VP  of Basketball Operations,34,48,1.5,15,0,11,Gary Trent
1995,12,Dallas,Ronnie Carter,Son of Owner/Advisor,36,46,0.8,8,0,12,Cherokee Parks
1995,13,Sacramento,Geoff Petrie,VP of Basketball Operations,39,43,0.5,5,0,13,Corliss Williamson
1996,1,Philadelphia,Pat Croce,President/Part Owner,18,64,33.7,200,1,2,Allen Iverson
1996,2,Toronto,Darrell Walker,Head Coach,21,61,0.0,157,1,3,Marcus Camby
1996,3,Vancouver,Stu Jackson,President/GM,15,67,0.0,250,-2,1,Shareef Abdur-Rahim
1996,4,Milwaukee,Mike Dunleavy,VP of Basketball Operations,25,57,20.2,120,0,4,Stephon Marbury
1996,5,Minnesota,Rob Moor,President,26,56,12.98,77,0,5,Ray Allen
1996,6,Dallas,David McDavid,Owner,26,56,12.82,76,0,6,Antoine Walker
1996,7,L.A. Clippers,Bill Fitch,Head Coach,29,53,7.42,44,0,7,Lorenzen Wright
1996,8,New Jersey,Willis Reed,Executive VP of Basketball Operations/GM,30,52,4.9,29,0,8,Kerry Kittles
1996,9,Dallas,David McDavid,Owner,26,56,3.0,18,0,9,Samaki Walker
1996,10,Denver,Bernie Bickerstaff,President/Head Coach,35,47,1.8,11,0,10,Erick Dampier
1996,11,Golden State,Joe Smith,NBA Player,36,46,1.2,7,0,11,Todd Fuller
1996,12,Cleveland,Wayne Embry,President/Chief Operating Officer,47,35,1.0,6,0,12,Vitaly Potapenko
1996,13,Charlotte,Bob Bass,VP of Basketball Operations,41,41,0.8,5,0,13,Kobe Bryant
1997,1,San Antonio,Peter Holt,Chairman,20,62,21.6,157,2,3,Tim Duncan
1997,2,Philadelphia,Pat Croce,President/Part Owner,22,60,12.2,89,3,5,Keith Van Horn
1997,3,Boston,M.L. Carr,Head Coach/Director of Basketball Operations,15,67,27.5,200,-1,2,Chauncey Billups
1997,4,Vancouver,Stu Jackson,President/GM,14,68,0.0,250,-3,1,Antonio Daniels
1997,5,Denver,Allan Bristow,General Manager,21,61,16.5,120,-1,4,Tony Battie
1997,6,Boston,M.L. Carr,Head Coach/Director of Basketball Operations,15,67,8.8,64,0,6,Ron Mercer
1997,7,New Jersey,Kendall Gill,NBA Player,26,56,6.1,44,0,7,Tim Thomas
1997,8,Golden State,Al Attles,Assistant GM,30,52,3.3,24,0,8,Adonal Foyle
1997,9,Toronto,Isiah Thomas,General Manager,30,52,0.0,23,0,9,Tracy McGrady
1997,10,Milwaukee,Ray Allen,NBA Player,33,49,1.5,11,0,10,Danny Fortson
1997,11,Sacramento,Geoff Petrie,Vice President of Basketball Operations,34,48,1.0,7,0,11,Olivier Saint-Jean
1997,12,Indiana,Larry Bird,Head Coach,39,43,0.8,6,0,12,Austin Croshere
1997,13,Cleveland,Wayne Embry,General Manager,42,40,0.7,5,0,13,Derek Anderson
1998,1,L.A. Clippers,Elgin Baylor,VP of Basketball Operations,17,65,22.6,157,2,3,Michael Olowokandi
1998,2,Vancouver,Brian Hill,Head Coach,19,63,0.0,104,3,5,Mike Bibby
1998,3,Denver,Dan Issel,VP of Basketball Operations/GM,11,71,35.9,250,-2,1,Raef LaFrentz
1998,4,Toronto,Glen Grunwald,General Manager,16,66,0.0,200,-2,2,Antawn Jamison
1998,5,Golden State,Garry St. Jean,General Manager,19,63,15.1,105,-1,4,Vince Carter
1998,6,Dallas,Don Nelson,Head Coach/GM,20,62,9.2,64,0,6,Robert Traylor
1998,7,Sacramento,Geoff Petrie,VP of Basketball Operations,27,55,6.3,44,0,7,Jason Williams
1998,8,Philadelphia,Pat Croce,President/Part Owner,31,51,4.2,29,0,8,Larry Hughes
1998,9,Milwaukee,Bob Weinhauer,General Manager,36,46,2.2,15,0,9,Dirk Nowitzki
1998,10,Boston,Chris Wallace,General Manager,36,46,2.0,14,0,10,Paul Pierce
1998,11,Detroit,Alvin Gentry,Head Coach,37,45,1.0,7,0,11,Bonzi Wells
1998,12,Orlando,Pat Williams,SR Executive Vice President,41,41,0.9,6,0,12,Michael Doleac
1998,13,Washington*,Pat Williams,SR Executive Vice President,42,40,0.7,5,0,13,Keon Clark
1999,1,Chicago,Jerry Krause,VP of Basketball Operations/GM,13,37,15.7,157,2,3,Elton Brand
1999,2,Vancouver,Brian Hill,Head Coach,8,42,25.0,250,-1,1,Steve Francis
1999,3,Charlotte,Paul Silas,Head Coach,26,24,0.5,5,10,13,Baron Davis
1999,4,L.A. Clippers,Chris Ford,Head Coach,9,41,20.0,200,-2,2,Lamar Odom
1999,5,Toronto,Vince Carter,NBA Player,14,36,12.0,120,-1,4,Jonathan Bender
1999,6,Minnesota,Flip Saunders,Head Coach/GM,16,34,8.9,89,-1,5,Wally Szczerbiak
1999,7,Washington,Susan O'Malley,President,18,32,6.4,64,-1,6,Richard Hamilton
1999,8,Boston,Chris Wallace,General Manager,19,31,3.7,37,-1,7,Andre Miller
1999,9,Phoenix,Bryan Colangelo,VP of Basketball Operations/GM,19,31,3.6,36,-1,8,Shawn Marion
1999,10,Golden State,Garry St. Jean,General Manager,21,29,1.8,18,-1,9,Jason Terry
1999,11,Cleveland,Jim Paxson,VP of Basketball Operations,22,28,1.1,11,-1,10,Trajan Langdon
1999,12,Toronto,Vince Carter,NBA Player,23,27,0.7,7,-1,11,Alek Radojevic
1999,13,Seattle,Billy McKinney,VP of Basketball Operations,25,25,0.6,6,-1,12,Corey Maggette
2000,1,New Jersey,Lewis Katz,Owner,31,51,4.4,44,6,7,Kenyon Martin
2000,2,Vancouver,Michael Heisley,Owner,22,60,12.0,120,2,4,Stromile Swift
2000,3,L.A. Clippers,Elgin Baylor,VP of Basketball Operations,15,67,25.0,250,-2,1,Darius Miles
2000,4,Chicago,Jerry Krause,VP of Basketball Operations/GM,17,65,20.0,200,-2,2,Marcus Fizer
2000,5,Orlando,Doc River,Head Coach,41,41,15.7,157,-2,3,Mike Miller
2000,6,Atlanta,Pete Babcock,General Manager,28,54,8.9,89,-1,5,DerMarr Johnson
2000,7,Washington,Rod Higgins,Assistant GM,29,53,6.4,64,-1,6,Chris Mihm
2000,8,Cleveland,Jim Paxson,General Manager,32,50,2.9,29,0,8,Jamal Crawford
2000,9,Houston,Carroll Dawson,VP of Basketball Operations,34,48,1.8,18,0,9,Joel Przybilla
2000,10,Orlando,Doc Rivers,Head Coach,41,41,0.9,9,0,10,Keyon Dooling
2000,11,Boston,Kenny Anderson,NBA Player,35,47,0.9,9,0,11,Jerome Moiso
2000,12,Dallas,Mark Cuban,Owner,40,42,0.6,6,0,12,Etan Thomas
2000,13,Orlando,Doc Rivers,Head Coach,41,41,0.5,5,0,13,Courtney Alexander
2001,1,Washington,Rod Higgins,Assistant GM,19,63,15.7,157,2,3,Kwame Brown
2001,2,L.A. Clippers,Alvin Gentry,Head Coach,31,51,2.9,29,6,8,Tyson Chandler
2001,3,Atlanta,Dominique Wilkins,Special Assistant to the Executive VP,25,57,8.9,89,2,5,Pau Gasol
2001,4,Chicago,Jerry Krause,Executive VP/GM,15,67,25.0,250,-3,1,Eddy Curry
2001,5,Golden State,Garry St. Jean,General Manager,17,65,20.0,200,-3,2,Jason Richardson
2001,6,Vancouver,Michael Heisley,Owner,23,59,12.0,120,-2,4,Shane Battier
2001,7,New Jersey,Lewis Katz,Owner,26,56,6.4,64,-1,6,Eddie Griffin
2001,8,Cleveland,Gordon Gund,Owner,30,52,4.4,44,-1,7,DeSagana Diop
2001,9,Detroit,Joe Dumars,President,32,50,1.8,18,0,9,Rodney White
2001,10,Boston,Chris Wallace,General Manager,36,46,1.1,11,0,10,Joe Johnson
2001,11,Denver,Dan Issel,Head Coach/GM,40,42,0.7,7,0,11,Kedrick Brown
2001,12,Seattle,Nate McMillan,Head Coach/GM,44,38,0.6,6,0,12,Vladimir Radmanovic
2001,13,Houston,Carroll Dawson,General Manager,45,37,0.5,5,0,13,Richard Jefferson
2002,1,Houston,Steve Francis,NBA Player,28,54,8.9,89,4,5,Yao Ming
2002,2,Chicago,Jerry Krause,Executive VP of Basketball Operations,21,61,22.5,225,0,2,Jay Williams
2002,3,Golden State,Garry St. Jean,General Manager,21,61,22.5,225,-2,1,Mike Dunleavy
2002,4,Memphis,Jerry West,President of Basketball Operations,23,59,15.7,157,-1,3,Drew Gooden
2002,5,Denver,Kiki Vandeweghe,General Manager,27,55,12.0,120,-1,4,Nikoloz Tskitishvili
2002,6,Cleveland,Richard Watson,Minority Owner,29,53,6.4,64,0,6,Dajuan Wagner
2002,7,New York,Scott Layden,President/GM of Basketball Operations,30,52,4.4,44,0,7,Maybyner Hilario
2002,8,Atlanta,Dominique Wilkins,Special Assistant to the Executive VP,33,49,2.9,29,0,8,Chris Wilcox
2002,9,Phoenix,Frank Johnson,Head Coach,36,46,1.5,15,0,9,Amare Stoudemire
2002,10,Miami,Randy Pfund,President/GM of Basketball Operations,36,46,1.4,14,0,10,Caron Butler
2002,11,Washington,Rod Higgins,Assistant GM,37,45,0.7,7,0,11,Jared Jeffries
2002,12,L.A. Clippers,Alvin Gentry,Head Coach,39,43,0.6,6,0,12,Melvin Ely
2002,13,Milwaukee,Ernie Grunfeld,General Manager,41,41,0.5,5,0,13,Marcus Haislip
2003,1,Cleveland,Gordon Gund,Owner,17,65,22.5,225,0,1,LeBron James
2003,2,Memphis,Jerry West,President of Basketball Operations,28,54,6.4,64,4,6,Darko Milicic
2003,3,Denver,Stan Kroenke,Owner,17,65,22.5,225,-1,2,Carmelo Anthony
2003,4,Toronto,Vince Carter,NBA Player,24,58,15.7,157,-1,3,Chris Bosh
2003,5,Miami,Caron Butler,NBA Player,25,57,12.0,120,-1,4,Dwyane Wade
2003,6,L.A. Clippers,Elgin Baylor,VP of Basketball Operations,28,54,8.9,89,-1,5,Chris Kaman
2003,7,Chicago,B.J. Armstrong,Special Assistant,30,52,4.4,44,0,7,Kirk Hinrich
2003,8,Atlanta,Billy Knight,General Manager,35,47,2.9,29,0,8,T.J. Ford
2003,9,New York,Alan Houston,NBA Player,37,45,1.5,15,0,9,Mike Sweetney
2003,10,Washington,Juan Dixon,NBA Player,37,45,1.4,14,0,10,Jarvis Hayes
2003,11,Golden State,Antawn Jamison,NBA Player,38,44,0.7,7,0,11,Mickael Pietrus
2003,12,Seattle,Rick Sund,General Manager,40,42,0.6,6,0,12,Nick Collison
2003,13,Houston*,Jerry West,President of Basketball Operations,43,39,0.5,5,0,13,Marcus Banks
2004,1,Orlando,Pat Williams,SR VP of Basketball Operations,21,61,25.0,250,0,1,Dwight Howard
2004,2,L.A. Clippers,Mike Dunleavy,Head Coach,28,54,10.5,105,3,5,Emeka Okafor
2004,3,Chicago,B.J. Armstrong,Special Assistant,23,59,20.0,200,-1,2,Ben Gordon
2004,4,Charlotte,Bernie Bickerstaff,General Manager/Head Coach,0,0,0.0,0,0,4,Shaun Livingston
2004,5,Washington,Ernie Grunfeld,President of Basketball Operations,25,57,15.7,157,-2,3,Devin Harris
2004,6,Atlanta,Billy Knight,General Manager,28,54,10.4,104,0,6,Josh Childress
2004,7,Phoenix,Diana Taurasi,Phoenix Mercury Player (WNBA),29,53,6.4,64,0,7,Luol Deng
2004,8,Toronto,Chris Bosh,NBA Player,33,49,3.7,37,0,8,Rafael Araujo
2004,9,Philadelphia,Billy King,President/GM,33,49,2.9,36,0,9,Andre Iguodala
2004,10,Cleveland,Paul Silas,Head Coach,35,47,1.8,18,0,10,Luke Jackson
2004,11,Golden State,Chris Mullin,Executive VP of Basketball Operations,37,45,0.9,9,0,11,Andris Biedrins
2004,12,Seattle,Rick Sund,General Manager,37,45,0.9,9,0,12,Robert Swift
2004,13,Portland,Steve Patterson,President,41,41,0.6,6,0,13,Sebastian Telfair
2004,14,Utah,Kevin O'Connor,SR VP of Basketball Operations,42,40,0.5,5,0,14,Kris Humphries
2005,1,Milwaukee,Larry Harris,General Manager,30,52,6.3,63,5,6,Andrew Bogut
2005,2,Atlanta,Billy Knight,General Manager,13,69,25.0,250,-1,1,Marvin Williams
2005,3,Portland,Steve Patterson,President,26,56,11.9,119,1,4,Deron Williams
2005,4,New Orleans,Allan Bristow,General Manager,18,64,17.8,178,-2,2,Chris Paul
2005,5,Charlotte,Bernie Bickerstaff,General Manager/Head Coach,18,64,17.7,177,-2,3,Raymond Felton
2005,6,Utah,Kevin O'Connor,VP of Basketball Operations,27,55,8.8,88,-1,5,Martell Webster
2005,7,Toronto,Matt Bonner,NBA Player,33,49,3.6,36,0,7,Charlie Villanueva
2005,8,New York,John Starks,Community Relations,33,49,3.5,35,0,8,Channing Frye
2005,9,Golden State,Baron Davis,NBA Player,34,48,1.4,14,0,9,Ike Diogu
2005,10,L.A. Lakers,Jeanie Buss,Executive VP of Business Operations,34,48,1.4,14,0,10,Andrew Bynum
2005,11,Orlando,Pat Williams,SR VP of Basketball Operations,36,46,0.8,8,0,11,Fran Vazquez
2005,12,L.A. Clippers,Mike Dunleavy,Head Coach,37,45,0.7,7,0,12,Yaroslav Korolev
2005,13,Cleveland,Bernie Bickerstaff,General Manager/Head Coach,42,40,0.6,6,0,13,Sean May
2005,14,Minnesota,Fred Hoiberg,NBA Player,44,38,0.5,5,0,14,Rashad McCants
2006,1,Toronto,Bryan Colangelo,President/GM,27,55,8.8,88,4,5,Andrea Bargnani
2006,2,New York*,John Paxson,General Manager,23,59,19.9,199,0,2,LaMarcus Aldridge
2006,3,Charlotte,Gerald Wallace,NBA Player,26,56,13.8,138,0,3,Adam Morrison
2006,4,Portland,Steve Patterson,President,21,61,25.0,250,-3,1,Tyrus Thomas
2006,5,Atlanta,Ed Peskowitz,Owner of the Atlanta Spirit (WBNA),26,56,13.7,137,-1,4,Shelden Williams
2006,6,Minnesota,Zarko Durisic,Director of Player Personnel,33,49,5.3,53,0,6,Brandon Roy
2006,7,Boston,Jo Jo White,Director of Special Projects,33,49,5.3,53,0,7,Randy Foye
2006,8,Houston,Carroll Dawson,General Manager,34,48,2.3,23,0,8,Rudy Gay
2006,9,Golden State,Rod Higgins,General Manager,34,48,2.2,22,0,9,Patrick O'Bryant
2006,10,Seattle,Bob Hill,Head Coach,35,47,1.1,11,0,10,Saer Sene
2006,11,Orlando,Pat Williams,SR VP of Basketball Operations,36,46,0.8,8,0,11,J.J. Redick
2006,12,New Orleans,Chris Paul,NBA Player,38,44,0.7,7,0,12,Hilton Armstrong
2006,13,Philadelphia,Billy King,President/GM,38,44,0.6,6,0,13,Thabo Sefolosha
2006,14,Utah,Kevin O'Connor,Director of Media Relations/GM,41,41,0.5,5,0,14,Ronnie Brewer
2007,1,Portland,Brandon Roy,NBA Player,32,50,5.3,53,6,7,Greg Oden
2007,2,Seattle,Lenny Wilkens,President of Basketball Operations,31,51,8.8,88,3,5,Kevin Durant
2007,3,Atlanta,Dominique Wilkins,VP of Basketball Operations,30,52,11.9,119,1,4,Al Horford
2007,4,Memphis,Jerry West,President of Basketball Operations,22,60,25.0,250,-3,1,Mike Conley
2007,5,Boston,Tommy Heinsohn,Former NBA Player/Voice of the Celtics,24,58,19.9,199,-3,2,Jeff Green
2007,6,Milwaukee,Larry Harris,General Manager,28,54,15.6,156,-3,3,Yi Jianlian
2007,7,Minnesota,Randy Foye,NBA Player,32,50,5.3,53,-1,6,Corey Brewer
2007,8,Charlotte,Fred Whitfield,President/Chief Operations Officer,33,49,1.9,19,0,8,Brandan Wright
2007,9,New York*,Steve Schanwald,Executive VP of Basketball Operations,33,49,1.9,19,0,9,Joakim Noah
2007,10,Sacramento,Phil Maloof,Owner,33,49,1.8,18,0,10,Spencer Hawes
2007,11,Indiana,Larry Bird,President of Basketball Operations,35,47,0.8,8,0,11,Acie Law
2007,12,Philadelphia,Billy King,President/GM,35,47,0.7,7,0,12,Thaddeus Young
2007,13,New Orleans,Chad Shinn,Executive Officer of the Board,39,43,0.6,6,0,13,Julian Wright
2007,14,L.A. Clippers,Mike Dunleavy,Head Coach,40,42,0.5,5,0,14,Al Thornton
2008,1,Chicago,Steve Schanwald,Executive VP of Basketball Operations,33,49,1.7,17,8,9,Derrick Rose
2008,2,Miami,Dwyane Wade,NBA Player,15,67,25.0,250,-1,1,Michael Beasley
2008,3,Minnesota,Fred Hoiberg,Assistant GM,22,60,13.8,138,0,3,O.J. Mayo
2008,4,Seattle,Kevin Durant,NBA Player,20,62,19.9,199,-2,2,Russell Westbrook
2008,5,Memphis,Rudy Gay,NBA Player,22,60,13.7,137,-1,4,Kevin Love
2008,6,New York,Mike D'Antoni,Head Coach,23,59,7.6,76,-1,5,Danilo Gallinari
2008,7,L.A. Clippers,Mike Dunleavy,Head Coach,23,59,7.5,75,-1,6,Eric Gordon
2008,8,Milwaukee,John Hammond,General Manager,26,56,4.3,43,-1,7,Joe Alexander
2008,9,Charlotte,Rod Higgins,General Manager,32,50,2.8,28,-1,8,D.J. Augustin
2008,10,New Jersey,Jay-Z,Minority Owner,34,48,1.1,11,0,10,Brook Lopez
2008,11,Indiana,Larry Bird,President,36,46,0.8,8,0,11,Jerryd Bayless
2008,12,Sacramento,Margie Parilo,Season Ticket Holder (Fan Contest Winner),38,44,0.7,7,0,12,Jason Thompson
2008,13,Portland,Larry Miller,President,41,41,0.6,6,0,13,Brandon Rush
2008,14,Golden State,Mitch Richmond,Director of Player Personnel,48,34,0.5,5,0,14,Anthony Randolph
2009,1,L.A. Clippers,Andy Roeser,President,19,63,17.7,177,2,3,Blake Griffin
2009,2,Memphis,Lionel Hollins,Head Coach,24,58,7.5,75,4,6,Hasheem Thabeet
2009,3,Oklahoma City,Scott Brooks,Head Coach,23,59,11.9,119,1,4,James Harden
2009,4,Sacramento,Chris Webber,Former Player,17,65,25.0,250,-3,1,Tyreke Evans
2009,5,Washington,Flip Saunders,Head Coach,19,63,17.8,178,-3,2,Ricky Rubio
2009,6,Minnesota,Kevin Love,NBA Player,24,58,7.6,76,-1,5,Jonny Flynn
2009,7,Golden State,Larry Riley,General Manager,29,53,4.3,43,0,7,Stephen Curry
2009,8,New York,Allan Houston,Assistant to the President of Basketball Operations,32,50,2.8,28,0,8,Jordan Hill
2009,9,Toronto,Bryan Colangelo,President/GM,33,49,1.7,17,0,9,DeMar DeRozan
2009,10,Milwaukee,John Hammond,General Manager,34,48,1.0,10,0,10,Brandon Jennings
2009,11,New Jersey,Rod Thorn,President,34,48,0.9,9,0,11,Terrence Williams
2009,12,Charlotte,D.J. Augustin,NBA Player,35,47,0.7,7,0,12,Gerald Henderson
2009,13,Indiana,Larry Bird,President,36,46,0.6,6,0,13,Tyler Hansbrough
2009,14,Phoenix,Alvin Gentry,Head Coach,46,36,0.5,5,0,14,Earl Clark
2010,1,Washington,Irene Pollin,Former Owner Wife,26,56,10.3,103,4,5,John Wall
2010,2,Philadelphia,Jrue Holiday,NBA Player,27,55,5.3,53,4,6,Evan Turner
2010,3,New Jersey,Mikhail Prokhorov,Owner,12,70,25.0,250,-2,1,Derrick Favors
2010,4,Minnesota,David Kahn,President,15,67,19.9,199,-2,2,Wesley Johnson
2010,5,Sacramento,Tyreke Evans,NBA Player,25,57,15.6,156,-2,3,DeMarcus Cousins
2010,6,Golden State,Larry Riley,General Manager,26,56,10.4,104,-2,4,Ekpe Udoh
2010,7,Detroit,Scott Perry,VP of Basketball Operations,27,55,5.3,53,0,7,Greg Monroe
2010,8,L.A. Clippers,Andy Roeser,President,29,53,2.3,23,0,8,Al-Farouq Aminu
2010,9,New York*,Kevin O'Connor,General Manager,29,53,2.2,22,0,9,Gordon Hayward
2010,10,Indiana,Danny Granger,NBA Player,32,50,1.1,11,0,10,Paul George
2010,11,New Orleans,Hugh Weber,President,37,45,0.8,8,0,11,Cole Aldrich
2010,12,Memphis,Michael Heisley,Owner,40,42,0.7,7,0,12,Xavier Henry
2010,13,Toronto,Demar Derozan,NBA Player,40,42,0.6,6,0,13,Ed Davis
2010,14,Houston,Aaron Brooks,NBA Player,42,40,0.5,5,0,14,Patrick Patterson
2011,1,L.A. Clippers*,Nick Gilbert,Son of Cavs Owner,32,50,2.8,28,7,8,Kyrie Irving
2011,2,Minnesota,David Kahn,President of Basketball Operations,17,65,25.0,250,-1,1,Derrick Williams
2011,3,New Jersey†,Kevin O'Connor,General Manager,24,58,7.5,75,3,6,Enes Kanter
2011,4,Cleveland,Nick Gilbert,Son of Cavs Owner,19,63,19.9,199,-2,2,Tristan Thompson
2011,5,Toronto,Bryan Colangelo,President/GM,22,60,15.6,156,-2,3,Jonas Valanciunas
2011,6,Washington,John Wall,NBA Player,23,59,11.9,119,-2,4,Jan Vesely
2011,7,Sacramento,Kevin Johnson,Mayor of Sacramento,24,58,7.6,76,-2,5,Bismack Biyombo
2011,8,Detroit,Greg Monroe,NBA Player,30,52,4.3,43,-1,7,Brandon Knight
2011,9,Charlotte,Paul Silas,Head Coach,34,48,1.7,17,0,9,Kemba Walker
2011,10,Milwaukee,John Hammond,General Manager,35,47,1.1,11,0,10,Jimmer Fredette
2011,11,Golden State,Joe Lacob,Owner,36,46,0.8,8,0,11,Klay Thompson
2011,12,Utah,Kevin O'Connor,General Manager,39,43,0.7,7,0,12,Alec Burks
2011,13,Phoenix,Mark West,VP of Player Programs,40,42,0.6,6,0,13,Markieff Morris
2011,14,Houston,Kyle Lowry,NBA Player,43,39,0.5,5,0,14,Marcus Morris
2012,1,New Orleans,Monty Williams,Head Coach,21,45,13.7,137,3,4,Anthony Davis
2012,2,Charlotte,Rich Cho,General Manger,7,59,25.0,250,-1,1,Michael Kidd-Gilchrist
2012,3,Washington,Zach Leonsis,Owner,20,46,19.9,199,-1,2,Bradley Beal
2012,4,Cleveland,Nick Gilbert,Son of Cavs Owner,21,45,13.8,138,-1,3,Dion Waiters
2012,5,Sacramento,Andrienne Maloof,Owner,22,44,7.6,76,0,5,Thomas Robinson
2012,6,New Jersey,Irina Pavlova,President of Onexism,22,44,7.5,75,0,6,Damian Lillard
2012,7,Golden State,Bob Myers,General Manager,23,43,3.6,36,0,7,Harrison Barnes
2012,8,Toronto,Dawyne Casey,Head Coach,23,43,3.5,35,0,8,Terrence Ross
2012,9,Detroit,Brandin Knight,NBA Player,25,41,1.7,17,0,9,Andre Drummond
2012,10,Minnesota*,Monty Williams,Head Coach,26,40,1.1,11,0,10,Austin Rivers
2012,11,Portland,Welsey Matthews,NBA Player,28,38,0.8,8,0,11,Meyers Leonard
2012,12,Milwaukee,John Hammond,General Manager,31,35,0.7,7,0,12,Jeremy Lamb
2012,13,Phoenix,Mark West,VP of Player Programs,33,33,0.6,6,0,13,Kendall Marshall
2012,14,Houston,Chandler Parsons,NBA Player,34,32,0.5,5,0,14,John Henson
2013,1,Cleveland,Nick Gilbert,Cavs Owner Son,24,58,15.6,156,2,3,Anthony Bennett
2013,2,Orlando,Pat Williams,SR VP of Basketball Operations,20,62,25.0,250,-1,1,Victor Oladipo
2013,3,Washington,Brad Beal,NBA Player,29,53,3.5,35,5,8,Otto Porter
2013,4,Charlotte,Fred Whitfield,President/Chief Operation Officer,21,61,19.9,199,-2,2,Cody Zeller
2013,5,Phoenix,Lon Baby,President of Basketball Operations,25,57,11.9,119,-1,4,Alex Len
2013,6,New Orleans,Monty Williams,Head Coach,27,55,8.8,88,-1,5,Nerlens Noel
2013,7,Sacramento,Keith Smart,Head Coach,28,54,6.3,63,-1,6,Ben McLemore
2013,8,Detroit,Andre Drummond,NBA Player,29,53,3.6,36,-1,7,Kentavious Caldwell-Pope
2013,9,Minnesota,Kevin Love,NBA Player,31,51,1.7,17,0,9,Trey Burke
2013,10,Portland,Dame Lillard,NBA Player,33,49,1.1,11,0,10,C.J. McCollum
2013,11,Philadelphia,Joshua Harris,Managing Owner,34,48,0.8,8,0,11,Michael Carter-Williams
2013,12,Toronto,Bryan Colangelo,President/Chief Operation Officer,34,48,0.7,7,0,12,Steven Adams
2013,13,Dallas,Donnie Nelson,President/GM,41,41,0.6,6,0,13,Kelly Olynyk
2013,14,Utah,Randy Rigby,President,43,39,0.5,5,0,14,Shabazz Muhammad
2014,1,Cleveland,David Griffin,General Manager,33,49,1.7,17,8,9,Andrew Wiggins
2014,2,Milwaukee,Mallory Edens,Daughter of Co-Owner,15,67,25.0,250,-1,1,Jabari Parker
2014,3,Philadelphia,Julius Erving,Strategic Advisor,19,63,19.9,199,-1,2,Joel Embiid
2014,4,Orlando,Pat Williams,SR VP of Basketball Operations,23,59,15.6,156,-1,3,Aaron Gordon
2014,5,Utah,Bryan Miller,Son of Jazz Owner,25,57,10.4,104,-1,4,Dante Exum
2014,6,Boston,Stephen Pagliuca,Co-Owner,25,57,10.3,103,-1,5,Marcus Smart
2014,7,L.A. Lakers,James Worthy,Lakers Alumni,27,55,6.3,63,-1,6,Julius Randle
2014,8,Sacramento,Anjali Ranadive,Daughter of Kings Owner,28,54,4.3,43,-1,7,Nik Stauskas
2014,9,Detroit,Kyle Singler,NBA Player,29,53,2.8,28,-1,8,Noah Vonleh
2014,10,New Orleans,Dell Demps,SR VP of Basketball Operations/GM,34,48,1.1,11,0,10,Elfrid Payton
2014,11,Denver,Brian Shaw,Head Coach,36,46,0.8,8,0,11,Doug McDermott
2014,12,New York*,Pat Williams,SR VP of Basketball Operations,37,45,0.7,7,0,12,Dario Saric
2014,13,Minnesota,Milton Newton,General Manager,40,42,0.6,6,0,13,Zach LaVine
2014,14,Phoenix,Markieff Morris,NBA Player,48,34,0.5,5,0,14,T.J. Warren
2015,1,Minnesota,Glen Taylor,Owner,16,66,25.0,250,0,1,Karl-Anthony Towns
2015,2,L.A. Lakers,Byron Scott,Head Coach,21,61,11.9,119,2,4,D'Angelo Russell
2015,3,Philadelphia,Nerlens Noel,NBA Player,18,64,15.6,156,0,3,Jahlil Okafor
2015,4,New York,Steve Mills,General Manager,17,65,19.9,199,-2,2,Kristaps Porzingis
2015,5,Orlando,Alex Martins,CEO,25,57,8.8,88,0,5,Mario Hezonja
2015,6,Sacramento,Vlade Divac,VP Basketball & Franchise Operations,29,53,6.3,63,0,6,Willie Cauley-Stein
2015,7,Denver,Josh Kroenke,President,30,52,4.3,43,0,7,Emmanuel Mudiay
2015,8,Detroit,Jeff Bower,General Manager,32,50,2.8,28,0,8,Stanley Johnson
2015,9,Charlotte,Michael Kidd-Gilchrist,NBA Player,33,49,1.7,17,0,9,Frank Kaminsky
2015,10,Miami,Alonzo Mourning,VP of Player Programs,37,45,1.1,11,0,10,Justise Winslow
2015,11,Indiana,Larry Bird,President of Basketball Operations,38,44,0.8,8,0,11,Myles Turner
2015,12,Utah,Dennis Lindsey,General Manager,38,44,0.7,7,0,12,Trey Lyles
2015,13,Phoenix,Alex Len,NBA Player,39,43,0.6,6,0,13,Devin Booker
2015,14,Oklahoma City,Russell Westbrook,NBA Player,45,37,0.5,5,0,14,Cameron Payne
2016,1,Philadelphia,Brett Brown,Head Coach,10,72,25.0,250,0,1,Ben Simmons
2016,2,L.A. Lakers,Mitch Kupchak,General Manager,17,65,19.9,199,0,2,Brandon Ingram
2016,3,Brooklyn*,Isaiah Thomas,NBA Player,21,61,15.6,156,0,3,Jaylen Brown
2016,4,Phoenix,Devin Booker,NBA Player,23,59,11.9,119,0,4,Dragan Bender
2016,5,Minnesota,Karl-Anthony Towns,NBA Player,29,53,8.8,88,0,5,Kris Dunn
2016,6,New Orleans,Alvin Gentry,Head Coach,30,52,6.3,63,0,6,Buddy Hield
2016,7,New York†,Michael Malone,Head Coach,32,50,4.3,43,0,7,Jamal Murray
2016,8,Sacramento,Willie Cauley-Stein,NBA Player,33,49,1.9,19,0,8,Marquese Chriss
2016,9,Denver,Michael Malone,Head Coach,33,49,1.9,19,0,9,Jakob Poeltl
2016,10,Milwaukee,Jason Kidd,Head Coach,33,49,1.8,18,0,10,Thon Maker
2016,11,Orlando,Rob Hennigan,General Manager,35,47,0.8,8,0,11,Domantas Sabonis
2016,12,Utah,Steve Starks,President,40,42,0.7,7,0,12,Taurean Prince
2016,13,Washington,Zach Leonsis,VP/Monumental Sports Network,41,41,0.6,6,0,13,George Papagiannis
2016,14,Chicago,Jimmy Butler,NBA Player,42,40,0.5,5,0,14,Denzel Valentine
2017,1,Brooklyn*,Joel Embiid,NBA Player,20,62,25.0,250,0,1,Markelle Fultz
2017,2,L.A. Lakers,Magic Johnson,President of Basketball Operations,26,56,15.6,156,1,3,Lonzo Ball
2017,3,Sacramento†,Wyc Grousbeck,Governor Managing Partner,32,50,2.8,28,5,8,Jayson Tatum
2017,4,Phoenix,Devin Booker,NBA Player,24,58,19.9,199,-2,2,Josh Jackson
2017,5,Philadelphia‡,Dave Joerger,Head Coach,28,54,11.9,119,-1,4,De'Aaron Fox
2017,6,Orlando,Frank Vogel,Head Coach,29,53,8.8,88,-1,5,Jonathan Isaac
2017,7,Minnesota,Andrew Wiggins,NBA Player,31,51,5.3,53,-1,6,Lauri Markkanen
2017,8,New York,Walt Frazier,Knicks Alumni,31,51,5.3,53,-1,7,Frank Ntilikina
2017,9,Dallas,Michael Finley,Assistant VP of Basketball Operations,33,49,1.7,17,0,9,Dennis Smith Jr.
2017,10,New Orleans,Alvin Gentry,Head Coach,34,48,1.1,11,0,10,Zach Collins
2017,11,Charlotte,Rich Cho,General Manager,36,46,0.8,8,0,11,Malik Monk
2017,12,Detroit,Jeff Bower,General Manager,37,45,0.7,7,0,12,Luke Kennard
2017,13,Denver,Gary Harris,NBA Player,40,42,0.6,6,0,13,Donovan Mitchell
2017,14,Miami,Alonzo Mourning,Vice President of Player Programs,41,41,0.5,5,0,14,Edrice Adebayo
2018,1,Phoenix,Josh Jackson,NBA Player,21,61,25.0,250,0,1,Deandre Ayton
2018,2,Sacramento,De'Aaron Fox,NBA Player,27,55,5.3,53,5,7,Marvin Bagley III
2018,3,Atlanta,Jami Gertz,Ownership Group,24,58,13.7,137,1,4,Luka Doncic
2018,4,Memphis,Elliot Perry,Minority Owner/Director of Player Support,22,60,19.9,199,-2,2,"Jaren Jackson, Jr."
2018,5,Dallas,Michael Finley,Assistant VP of Basketball Operations,24,58,13.8,138,-2,3,Trae Young
2018,6,Orlando,Jeff Weltman,President of Basketball Operations,25,57,8.8,88,-1,5,Mohamed Bamba
2018,7,Chicago,Michael Reinsdorf,President/Chief Operating Officer,27,55,5.3,53,-1,6,"Wendell Carter, Jr."
2018,8,Brooklyn*,Nick Gilbert,Son of Team Owner,28,54,2.8,28,0,8,Collin Sexton
2018,9,New York,Scott Perry,General Manager,29,53,1.7,17,0,9,Kevin Knox
2018,10,L.A. Lakers†,Josh Jackson,NBA Player,35,47,1.1,11,0,10,Mikal Bridges
2018,11,Charlotte,Mitch Kupchak,President of Basketball Operations/GM,36,46,0.8,8,0,11,Shai Gilgeous-Alexander
2018,12,Detroit,Luke Kennard,NBA Player,39,43,0.7,7,0,12,Miles Bridges
2018,13,L.A. Clippers,Jerry West,Team Consultant,42,40,0.6,6,0,13,Jerome Robinson
2018,14,Denver,Jamal Murray,NBA Player,46,36,0.5,5,0,14,"Michael Porter, Jr."
2019,1,New Orleans,Alvin Gentry,Head Coach,33,49,6.0,60,6,7,Zion Williamson
2019,2,Memphis,Elliot Perry,Minority Owner/Director of Player Support,33,49,6.0,60,6,8,Ja Morant
2019,3,New York,Patrick Ewing,Knicks Alumni,17,65,14.0,140,-2,1,R.J. Barrett
2019,4,L.A. Lakers,Kyle Kuzma,NBA Player,37,45,2.0,20,7,11,De'Andre Hunter
2019,5,Cleveland,Nick Gilbert,Son of Team Owner,19,63,14.0,140,-3,2,Darius Garland
2019,6,Phoenix,Deandre Ayton,NBA Player,19,63,14.0,140,-3,3,Jarrett Culver
2019,7,Chicago,Horace Grant,Special Advisor to the President & COO,22,60,12.5,125,-3,4,Coby White
2019,8,Atlanta,Jami Gertz,Ownership Group,29,53,10.5,105,-3,5,Jaxson Hayes
2019,9,Washington,Raul Fernandez,Vice Chairman,32,50,9.0,90,-3,6,Rui Hachimura
2019,10,Dallas,Cynthia Marshall,CEO,33,49,6.0,60,-1,9,Cam Reddish
2019,11,Minnesota,Gersson Rosas,President of Basketball Operations,36,46,3.0,30,-1,10,Cameron Johnson
2019,12,Charlotte,James Borrego,Head Coach,39,43,1.0,10,0,12,P.J. Washington
2019,13,Miami,Alonzo Mourning,VP of Player Programs,39,43,1.0,10,0,13,Tyler Herro
2019,14,Sacramento*,Rich Gotham,President,39,43,1.0,10,0,14,Romeo Langford
2020,1,Minnesota,D'Angelo Russell,NBA Player,19,45,14.0,140,2,3,Anthony Edwards
2020,2,Golden State,Stephen Curry,NBA Player,15,50,14.0,140,-1,1,James Wiseman
2020,3,Charlotte,Devonte' Graham,NBA Player,23,42,6.0,60,5,8,LaMelo Ball
2020,4,Chicago,Arturas Karnisovas,Executive VP of Basketball Operations,22,43,7.5,75,3,7,Patrick Williams
2020,5,Cleveland,Brad Daughtery,Cavs Alumni,19,46,14.0,140,-3,2,Isaac Okoro
2020,6,Atlanta,Jami Gertz,Ownership Group,20,47,12.5,125,-2,4,Onyeka Okongwu
2020,7,Detroit,Troy Weaver,General Manager,20,46,10.5,105,-2,5,Killian Hayes
2020,8,New York,Leon Rose,President,21,45,9.0,90,0,8,Obi Toppin
2020,9,Washington,Rui Hachimura,NBA Player,25,47,4.5,45,0,9,Deni Avdija
2020,10,Phoenix,James Jones,General Manager,34,39,3.0,30,0,10,Jalen Smith
2020,11,San Antonio,Peter Holt,Chairman,32,39,2.0,20,0,11,Devin Vassell
2020,12,Sacramento,De'Aaron Fox,NBA player,31,41,1.3,13,0,12,Tyrese Haliburton
2020,13,New Orleans,Trajan Langdon,General Manager,30,42,1.2,12,0,13,"Kira Lewis, Jr."
2020,14,Memphis,Elliot Perry,Minority Owner/Director of Player Support,34,39,0.5,5,0,14,Aaron Nesmith
2021,1,Detroit,Ben Wallace,Pistons Alumni,20,52,14.0,140,1,2,Cade Cunningham
2021,2,Houston,Hakeem Olajuwon,Rockets Alumni,17,55,14.0,140,-1,1,Jalen Green
2021,3,Cleveland,Koby Altman,General Manager,22,50,11.5,115,2,5,Evan Mobley
2021,4,Toronto,Fred VanVleet,NBA Player,27,45,7.5,75,3,7,Scottie Barnes
2021,5,Orlando,Jeff Weltman,President of Basketball Operations,21,51,14.0,140,-2,3,Jalen Suggs
2021,6,OK City,Nazr Mohammed,Oklahoma City Blue GM/Thunder Scout,22,50,11.5,115,-2,4,Josh Giddey
2021,7,Golden St.,Rick Welts,President/Chief Operating Officer,23,49,9.0,90,-1,6,Jonathan Kuminga
2021,8,Chicago,Marc Eversley,General Manager,31,41,4.5,45,0,8,Franz Wagner
2021,9,Sacramento,Monte McNair,General Manager,31,41,4.5,45,0,9,Davion Mitchell
2021,10,New Orleans,Swin Cash-Canal,VP of Basketball Operations/ Team Development,31,41,4.5,45,0,10,Ziaire Williams
2021,11,Charlotte,Miles Bridges,NBA Player,33,39,1.8,18,0,11,James Bouknight
2021,12,San Antonio,Peter J. Holt,Managing Partner,33,39,1.7,17,0,12,Joshua Primo
2021,13,Indiana,Nancy Leonard,"Former Pacers Executive/ Widow to Former Coach Bobby ""Slick"" Leonard",34,38,1.0,10,0,13,Chris Duarte
2021,14,Golden St.,Rick Welts,President/Chief Operating Officer,39,33,0.5,5,0,14,Moses Moody
2022,1,Orlando,Jeff Weltman,President of Basketball Operations,22,60,14.0,140,1,2,Paolo Banchero
2022,2,OK City,Nick Collison,Thunder Alumni,24,58,12.5,140,2,4,Chet Holmgren
2022,3,Houston,Rafael Stone,General Manager,20,62,14.0,140,-2,1,Jabari Smith Jr.
2022,4,Sacramento,Domantas Sabonis,NBA Player,30,52,7.5,115,3,7,Keegan Murray
2022,5,Detroit,Richard Hamilton,Pistons Alumni,23,59,14.0,115,-2,3,Jaden Ivey
2022,6,Indiana,Kelly Krauskopf,Assistant General Manager,25,57,10.5,90,-1,5,Bennedict Mathurin
2022,7,Portland,Damian Lillard,NBA Player,27,55,9.0,75,-1,6,Shaedon Sharpe
2022,8,L.A. Lakers,Swin Cash-Canal,VP of Basketball Operations,33,49,6.0,45,0,8,Dyson Daniels
2022,9,San Antonio,David Robinson,Spurs Alumni/Strategic Partner,34,48,4.5,45,0,9,Jeremy Sochan
2022,10,Washington,Wes Unseld Jr.,Head Coach,35,47,3.0,45,0,10,Johnny Davis
2022,11,New York,William Wesley,Executive VP of Basketball Operations/ SR Basketball Advisor,37,45,2.0,18,0,11,Ousmane Dieng
2022,12,L.A. Clippers*,Nick Collison,Thunder Alumni,42,40,1.5,17,0,12,Jalen Williams
2022,13,Charlotte,PJ Washington Jr.,NBA Player,43,39,1.0,10,0,13,Jalen Duren
2022,14,Cleveland,Anderson Varejao,Team Ambassador,44,38,0.5,5,0,14,Ochai Agbaji
2023,1,San Antonio,Peter J. Holt,Managing Partner,22,60,14.0,140,2,3,Victor Wembanyama
2023,2,Charlotte,Mark Williams,NBA Player,27,55,12.5,125,2,4,Brandon Miller
2023,3,Portland,Brandon Roy,Trail Blazers Legend,33,49,10.5,105,2,5,Scoot Henderson
2023,4,Houston,Ime Udoka,Head Coach,22,60,14.0,140,-2,2,Amen Thompson
2023,5,Detroit,Ben Wallace,Basketball Operations/ Team Engagment Advisor,17,65,14.0,140,-4,1,Ausar Thompson
2023,6,Orlando,Jamahl Mosley,Head Coach,34,48,9.0,90,0,6,Anthony Black
2023,7,Indiana,Tyrese Haliburton,NBA Player,35,47,6.8,68,0,7,Bilal Coulibaly
2023,8,Washington,Wes Unseld Jr.,Head Coach,35,47,6.7,67,0,8,Jarace Walker
2023,9,Utah,Collin Sexton,NBA Player,37,45,4.5,45,0,9,Taylor Hendricks
2023,10,Dallas,Nico Harrison,President of Basketball Operations/GM,38,44,3.0,30,0,10,Cason Wallace
2023,11,Orlando,Jamahl Mosely,Head Coach,40,42,1.8,18,0,11,Jett Howard
2023,12,OK City,Nick Collison,Amateur Evaluation Scout,40,42,1.7,17,0,12,Dereck Lively II
2023,13,Toronto,Bobby Webster,General Manager,41,41,1.0,10,0,13,Gradey Dick
2023,14,New Orleans,David Griffin,EVP of Basketball Operations,42,40,0.5,5,0,14,Jordan Hawkins
2024,1,Atlanta,Landry Fields,General Manager,36,46,3.0,30,9,10,Zaccharie Risacher
2024,2,Washington,Bilal Coulibaly,NBA Player,15,67,14.0,140,0,2,Alexandre Sarr
2024,3,Brooklyn,Ime Udoka,Head Coach,32,50,4.5,45,6,9,Reed Sheppard
2024,4,San Antonio,Brian Wright,General Manager,22,60,10.5,105,1,5,Stephon Castle
2024,5,Detroit,Ausar Thompson,NBA Player,14,68,14.0,140,-4,1,Ron Holland Jr.
2024,6,Charlotte,Brandon Miller,NBA Player,21,61,13.3,133,-3,3,Tidjane Salaun
2024,7,Portland,Scoot Henderson,NBA Player,21,61,13.2,132,-3,4,Donovan Clingan
2024,8,Toronto,Scottie Barnes,NBA Player,25,57,9.0,90,-2,6,Rob Dillingham
2024,9,Memphis,Tayshaun Prince,VP of Basketball Affairs,27,55,7.5,75,-2,7,Zach Edey
2024,10,Utah,Thurl Bailey,Jazz Legend & Broadcaster,31,51,6.0,60,-2,8,Cody Williams
2024,11,Chicago,Julian Phillips,NBA Player,39,43,2.0,20,0,11,Matas Buzelis
2024,12,Houston,Ime Udoka,Head Coach,41,41,1.5,15,0,12,Nikola Topic
2024,13,Sacramento,Keegan Murray,NBA Player,46,36,0.8,8,0,13,Devin Carter
2024,14,Golden St.,Brandin Podziemski,NBA Player,46,36,0.7,7,0,14,Carlton Carrington
2025,1,Dallas,Rolando Blackman,Mavericks Legend,39,43,1.8,18,10,11,Cooper Flagg
2025,2,San Antonio,Mitch Johnson,Head Coach,34,48,6.0,60,6,8,Dylan Harper
2025,3,Philadelphia,Jared McCain,NBA Player,24,58,10.5,105,2,5,VJ Edgecombe
2025,4,Charlotte,Charles Lee,Head Coach,19,63,14.0,140,-1,3,Kon Knueppel
2025,5,Utah,Ashley Smith,Co-Owner,17,65,14.0,140,-4,1,Ace Bailey
2025,6,Washington,Bub Carington,NBA Player,18,64,14.0,140,-4,2,Tre Johnson
2025,7,New Orleans,Zion Williamson,NBA Player,21,61,12.5,125,-3,4,Jeremiah Fears
2025,8,Brooklyn,Jordi Fernandez,Head Coach,26,56,9.0,90,-2,6,Egor Demin
2025,9,Toronto,Masai Ujiri,President,30,52,7.5,75,-2,7,Collin Murray-Boyles
2025,10,Houston,Hakeem Olajuwon,Rockets Legend,36,46,3.8,38,-2,8,Khaman Maluach
2025,11,Portland,Toumani Camara,NBA Player,39,43,2.0,37,0,11,Cedric Coward
2025,12,Chicago,Matas Buzelis,NBA Player,39,43,1.7,17,0,12,Noa Essengue
2025,13,Sacramento,Keon Ellis,NBA Player,40,42,0.8,8,0,13,Derik Queen
2025,14,San Antonio,Mitch Johnson,Head Coach,40,42,0.7,7,0,14,Carter Bryant
